Client Type,Future Index Long,Future Index Short,Future Stock Long,Future Stock Short	,Option Index Call Long,Option Index Put Long,Option Index Call Short,Option Index Put Short,Option Stock Call Long,Option Stock Put Long,Option Stock Call Short,Option Stock Put Short,Total Long Contracts	,Total Short Contracts,Date,Future Stock Short       ,Total Long Contracts      
Client,133199,101667,2254925,411288.0,2917069,1890704,2812296,2070779,1192530,503071,613811,605945,8891499.0,6615787,01-04-2025,,
DII,98598,31530,171035,4010110.0,70,65034,0,0,1428,0,101180,0,336165.0,4142820,01-04-2025,,
FII,52618,119196,3607974,2022970.0,734407,764881,661834,565955,96719,133228,267782,212515,5389827.0,3850252,01-04-2025,,
Pro,18488,50510,677822,267388.0,1014709,887478,1192125,971362,551385,683685,859289,501524,3833567.0,3842199,01-04-2025,,
TOTAL,302903,302903,6711756,6711756.0,4666255,3608097,4666255,3608097,1842062,1319984,1842062,1319984,18451057.0,18451057,01-04-2025,,
Client,126530,101002,2178951,363374.0,2785031,2526194,2720587,2550073,1253309,583614,676100,643869,9453630.0,7055006,02-04-2025,,
DII,100831,31780,177274,4036122.0,27103,74292,0,0,1578,0,139779,0,381078.0,4207681,02-04-2025,,
FII,57222,119551,3635983,1983462.0,791731,807159,770224,714252,114213,148973,297719,240602,5555281.0,4125809,02-04-2025,,
Pro,17031,49281,656921,266171.0,1146246,1119442,1259300,1262762,630030,713015,885532,561131,4282685.0,4284178,02-04-2025,,
TOTAL,301614,301614,6649129,6649129.0,4750111,4527088,4750111,4527088,1999130,1445602,1999130,1445602,19672674.0,19672674,02-04-2025,,
Client,130655,99983,2224997,372012.0,1509366,1561620,1701607,1816360,1454734,624912,752604,699174,7506283.0,5441739,03-04-2025,,
DII,108230,31780,182243,4042907.0,70,61796,0,0,2492,0,177535,0,354831.0,4252222,03-04-2025,,
FII,55484,128674,3617374,2006554.0,541358,616140,314625,375572,142437,173097,351696,278507,5145890.0,3455628,03-04-2025,,
Pro,17514,51446,673321,276462.0,685101,738805,719664,786428,687940,769868,1005768,590196,3572549.0,3429964,03-04-2025,,
TOTAL,311883,311883,6697935,6697935.0,2735895,2978360,2735895,2978360,2287603,1567877,2287603,1567877,16579553.0,16579553,03-04-2025,,
Client,138245,97731,2248089,366336.0,2665107,1830648,2862575,2241163,1788769,617804,819890,748874,9288662.0,7136569,04-04-2025,,
DII,107558,31837,211327,4021448.0,70,73186,0,0,2594,0,238933,0,394735.0,4292218,04-04-2025,,
FII,59842,146434,3600846,2072022.0,876183,803645,594554,448198,158059,201052,439154,313951,5699627.0,4014313,04-04-2025,,
Pro,17622,47265,708494,308950.0,947178,796801,1031408,814919,742664,873601,1194109,629632,4086360.0,4026283,04-04-2025,,
TOTAL,323267,323267,6768756,6768756.0,4488537,3504280,4488537,3504280,2692086,1692457,2692086,1692457,19469383.0,19469383,04-04-2025,,
Client,141352,103397,2161044,342342.0,2449794,1528976,2717023,1959304,1783835,537930,823462,730668,8602931.0,6676196,07-04-2025,,
DII,104612,27995,238321,4076546.0,70,57296,0,0,2394,0,275986,0,402693.0,4380527,07-04-2025,,
FII,54417,162032,3640186,2063933.0,968628,920621,630978,518369,197063,269003,444282,307423,6049918.0,4127017,07-04-2025,,
Pro,36422,43379,754458,311188.0,1199408,910851,1269898,940072,812765,936722,1252327,705564,4650626.0,4522428,07-04-2025,,
TOTAL,336803,336803,6794009,6794009.0,4617900,3417744,4617900,3417744,2796057,1743655,2796057,1743655,19706168.0,19706168,07-04-2025,,
Client,138801,103741,2179522,349145.0,2514336,1868823,2901378,2480970,1847677,588925,863469,755305,9138083.0,7454007,08-04-2025,,
DII,107388,28235,253925,4075748.0,220,55897,0,0,3521,84,292006,0,421035.0,4395989,08-04-2025,,
FII,51486,160615,3631179,2062941.0,1166267,1170381,636350,562782,212017,278628,464398,329553,6509957.0,4216639,08-04-2025,,
Pro,31534,36618,749730,326522.0,1159617,957712,1302712,1009060,841620,933357,1284962,716136,4673570.0,4676010,08-04-2025,,
TOTAL,329209,329209,6814356,6814356.0,4840440,4052812,4840440,4052812,2904835,1800994,2904835,1800994,20742646.0,20742646,08-04-2025,,
Client,147877,104917,2209511,361315.0,1716032,1205481,1912952,1669147,1979542,636363,922244,794582,7894805.0,5765156,09-04-2025,,
DII,106642,27969,267990,4079583.0,310,47476,0,0,3708,84,302084,0,426210.0,4409636,09-04-2025,,
FII,44013,159848,3626565,2080097.0,736429,845424,411806,409603,206654,283584,482190,339176,5742669.0,3882721,09-04-2025,,
Pro,30353,36151,764166,347237.0,813910,791546,941922,811176,880232,970257,1363618,756530,4250463.0,4256634,09-04-2025,,
TOTAL,328885,328885,6868232,6868232.0,3266680,2889926,3266680,2889926,3070136,1890288,3070136,1890288,18314147.0,18314147,09-04-2025,,
Client,142419,105034,2226898,364700.0,1804583,1495299,2167929,1991681,1944158,698962,950438,817392,8312319.0,6397174,11-04-2025,,
DII,105970,27969,276924,4128865.0,475,40349,0,0,2818,84,313375,0,426620.0,4470209,11-04-2025,,
FII,52112,153346,3693538,2067460.0,954325,987474,522031,465574,222353,300570,521405,349683,6210372.0,4079499,11-04-2025,,
Pro,27906,42058,754617,390952.0,854217,865440,923640,931306,935592,944884,1319703,777425,4382655.0,4385084,11-04-2025,,
TOTAL,328407,328407,6951977,6951977.0,3613600,3388561,3613600,3388561,3104921,1944500,3104921,1944500,19331967.0,19331967,11-04-2025,,
Client,133789,101001,2196871,389719.0,2288549,2173096,2479855,2362416,1956218,814439,985202,841695,9562962.0,7159888,15-04-2025,,
DII,106919,27878,283195,4098530.0,475,42667,0,0,2999,84,316929,0,436339.0,4443337,15-04-2025,,
FII,56255,143602,3738114,2038117.0,906456,872292,707648,634744,231551,296997,578759,405199,6101665.0,4508069,15-04-2025,,
Pro,26174,50656,745391,437205.0,1043639,940596,1051616,1031490,996038,957700,1305916,822326,4709538.0,4699209,15-04-2025,,
TOTAL,323137,323137,6963571,6963571.0,4239119,4028650,4239119,4028650,3186806,2069220,3186806,2069220,20810504.0,20810504,15-04-2025,,
Client,130774,99694,2217179,411093.0,2296746,2463343,2644240,2722095,1994920,868285,1003860,883220,9971246.0,7764201,16-04-2025,,
DII,107318,27778,302249,4037246.0,475,51067,0,0,3144,1384,328840,0,465637.0,4393864,16-04-2025,,
FII,56156,142225,3735114,2059538.0,936773,871790,632071,548563,239156,312526,627223,408305,6151515.0,4417924,16-04-2025,,
Pro,26129,50680,758834,505499.0,1142237,1026130,1099920,1141672,1061272,979957,1338569,870627,4994558.0,5006967,16-04-2025,,
TOTAL,320377,320377,7013376,7013376.0,4376230,4412330,4376230,4412330,3298492,2162152,3298492,2162152,21582957.0,21582957,16-04-2025,,
Client,126867,110606,2188468,431519.0,1477989,1834799,1754932,2053227,1785019,914375,984800,895079,8327517.0,6230163,17-04-2025,,
DII,106642,28553,321282,4007771.0,475,50567,0,0,3164,1384,337213,0,483514.0,4373537,17-04-2025,,
FII,60033,143306,3832190,2082184.0,698180,726542,468658,470026,273726,336947,603720,411509,5927618.0,4179403,17-04-2025,,
Pro,32074,43151,765049,585515.0,871257,912019,824311,1000673,1142312,985329,1278488,931447,4708039.0,4663585,17-04-2025,,
TOTAL,325616,325616,7106989,7106989.0,3047901,3523926,3047901,3523926,3204221,2238035,3204221,2238035,19446688.0,19446688,17-04-2025,,
Client,131978,123879,2180683,437633.0,2267215,2724059,2402285,2764331,1712553,963807,971075,904623,9980296.0,7603827,21-04-2025,,
DII,105535,28593,348271,3992597.0,475,59762,0,0,3270,334,340916,0,517647.0,4362106,21-04-2025,,
FII,66585,143855,3882777,2127072.0,898066,900352,729136,727194,326090,357741,603789,442482,6431611.0,4773528,21-04-2025,,
Pro,42322,50093,738732,593161.0,999882,1121010,1034216,1313658,1199274,1011596,1325407,986373,5112816.0,5302909,21-04-2025,,
TOTAL,346420,346420,7150463,7150463.0,4165638,4805183,4165638,4805183,3241187,2333478,3241187,2333478,22042370.0,22042370,21-04-2025,,
Client,136665,132995,2183057,442281.0,2586151,2966124,2699349,3024276,1714447,975083,975732,925782,10561528.0,8200416,22-04-2025,,
DII,104170,31758,370089,3982472.0,525,62302,0,0,3347,339,331576,0,540772.0,4345806,22-04-2025,,
FII,67276,145611,3938634,2190045.0,927915,995954,770274,835070,336082,374968,622215,459155,6640829.0,5022371,22-04-2025,,
Pro,53593,51340,743324,620306.0,1155304,1154137,1200271,1319170,1216559,1045935,1340912,1011388,5368852.0,5543388,22-04-2025,,
TOTAL,361704,361704,7235104,7235104.0,4669895,5178517,4669895,5178517,3270435,2396325,3270435,2396325,23111980.0,23111980,22-04-2025,,
Client,136201,133225,2139341,434241.0,2916499,3184366,3014828,3216097,1490618,960761,926717,897851,10827786.0,8622959,23-04-2025,,
DII,103982,33461,408850,3973239.0,499,71002,0,0,2556,414,318308,0,587303.0,4325008,23-04-2025,,
FII,68912,139683,3956970,2138172.0,1068507,1119334,922454,1020109,338521,368238,615600,478284,6920481.0,5314302,23-04-2025,,
Pro,45776,48502,710609,670118.0,1339221,1336159,1387444,1474655,1261371,1077589,1232441,1030867,5770726.0,5844026,23-04-2025,,
TOTAL,354871,354871,7215770,7215770.0,5324726,5710861,5324726,5710861,3093066,2407002,3093066,2407002,24106296.0,24106296,23-04-2025,,
Client,107750,128621,2042226,345695.0,1168353,1215752,1364754,1392905,732190,365044,523308,506453,5631314.0,4261736,24-04-2025,,
DII,101735,33923,184137,3829258.0,70,44614,0,0,843,0,7249,0,331399.0,3870430,24-04-2025,,
FII,55516,80356,3694179,2062236.0,386837,428577,190827,250793,94489,98829,138910,105151,4758427.0,2828273,24-04-2025,,
Pro,20154,42255,566292,249645.0,541778,521003,541458,566247,384436,474266,542491,326535,2507929.0,2268631,24-04-2025,,
TOTAL,285155,285155,6486834,6486834.0,2097038,2209945,2097038,2209945,1211958,938139,1211958,938139,13229070.0,13229070,24-04-2025,,
Client,111063,128604,2012081,352996.0,1965180,1624557,2067752,1703225,897552,419026,624444,605410,7029460.0,5482431,25-04-2025,,
DII,98422,33846,202594,3832817.0,70,50715,0,0,843,0,21517,0,352644.0,3888180,25-04-2025,,
FII,53607,88833,3737502,2090063.0,496666,523402,460503,517043,128943,148154,200961,159095,5088274.0,3516498,25-04-2025,,
Pro,22486,34295,598182,274483.0,837429,766693,771091,745099,512547,635752,692963,438427,3373089.0,2956357,25-04-2025,,
TOTAL,285578,285578,6550359,6550359.0,3299346,2965367,3299346,2965367,1539885,1202932,1539885,1202932,15843467.0,15843467,25-04-2025,,
Client,116102,143073,1996801,366460.0,2023923,2316875,2173469,2269252,960312,505998,721643,651231,7920012.0,6325128,28-04-2025,,
DII,91782,38293,209696,3876004.0,70,50715,0,0,843,0,54592,0,353106.0,3968889,28-04-2025,,
FII,62890,85666,3790565,2058230.0,539129,709134,494406,746096,154314,165200,223767,194136,5421233.0,3802301,28-04-2025,,
Pro,30871,34613,598265,294633.0,870793,981599,766040,1042976,600072,670479,715539,496310,3752079.0,3350111,28-04-2025,,
TOTAL,301645,301645,6595327,6595327.0,3433915,4058324,3433915,4058324,1715541,1341677,1715541,1341677,17446429.0,17446429,28-04-2025,,
Client,118393,142096,2013294,374309.0,2640241,2433931,2673642,2388692,1054877,555870,801114,697521,8816606.0,7077374,29-04-2025,,
DII,88477,44123,213628,3870820.0,70,46215,0,0,903,0,77235,0,349293.0,3992178,29-04-2025,,
FII,69575,87472,3810157,2081350.0,691391,712810,709186,758885,190945,172321,233087,226881,5647199.0,4096862,29-04-2025,,
Pro,30428,33182,592685,303285.0,1079460,962040,1028333,1007419,641484,715720,776773,519509,4021817.0,3668501,29-04-2025,,
TOTAL,306873,306873,6629764,6629764.0,4411161,4154996,4411161,4154996,1888209,1443911,1888209,1443911,18834914.0,18834914,29-04-2025,,
Client,115435,145270,2004405,387084.0,1268603,1392617,1558410,1561814,1160271,597517,872760,748462,6538848.0,5273799,30-04-2025,,
DII,87283,45848,215859,3885764.0,70,46215,0,0,967,0,88951,0,350394.0,4020563,30-04-2025,,
FII,75093,85093,3851423,2081332.0,472395,471444,278615,383056,225231,177058,239196,259610,5272644.0,3326903,30-04-2025,,
Pro,30717,32317,600097,317604.0,712765,780045,616808,745451,667127,780315,852689,546818,3571066.0,3111687,30-04-2025,,
TOTAL,308528,308528,6671784,6671784.0,2453833,2690321,2453833,2690321,2053596,1554890,2053596,1554890,15732952.0,15732952,30-04-2025,,
Client,115991,142938,2013858,385763.0,1947661,1677775,2116218,1816322,1256879,644932,924719,781757,7657096.0,6167717,02-05-2025,,
DII,84312,42617,222211,3905341.0,230,42515,0,0,1181,0,100673,0,350449.0,4048631,02-05-2025,,
FII,76566,85054,3863497,2094466.0,615810,568051,541595,531700,236005,183852,276396,286659,5543781.0,3815870,02-05-2025,,
Pro,25361,31621,598650,312646.0,867682,841614,773570,781932,707387,818403,899664,578771,3859096.0,3378204,02-05-2025,,
TOTAL,302230,302230,6698216,6698216.0,3431383,3129955,3431383,3129955,2201452,1647187,2201452,1647187,17410423.0,17410423,02-05-2025,,
Client,117710,144584,2017480,,2397309,2267613,2483885,2210940,1316576,699987,966694,807781,,7004845,05-05-2025,390961.0,8816675.0
DII,84314,43812,222849,,230,42515,0,0,1424,0,131483,0,,4117076,05-05-2025,3941781.0,351332.0
FII,79468,84337,3881795,,688615,586039,691644,671275,239124,200809,313506,287389,,4114669,05-05-2025,2066519.0,5675850.0
Pro,27672,36431,602755,,995877,1023829,906502,1037781,776814,816513,922255,622139,,3850726,05-05-2025,325618.0,4243460.0
TOTAL,309164,309164,6724879,,4082030,3919996,4082030,3919996,2333938,1717309,2333938,1717309,,19087316,05-05-2025,6724879.0,19087316.0
Client,113610,143841,2014775,,2657939,2227468,2812231,2349332,1469756,715179,1003289,829440,,7537116,06-05-2025,398983.0,9198726.0
DII,82591,43812,231400,,70,56326,0,0,1499,110,164543,0,,4123230,06-05-2025,3914875.0,371996.0
FII,84387,87034,3898468,,751542,695590,714046,690667,264251,205756,344824,313088,,4235654,06-05-2025,2085996.0,5899994.0
Pro,26784,32685,606237,,1121915,1163108,1005190,1102493,775877,853729,998727,632246,,4122367,06-05-2025,351026.0,4547650.0
TOTAL,307372,307372,6750880,,4531466,4142491,4531466,4142491,2511383,1774774,2511383,1774774,,20018366,06-05-2025,6750880.0,20018366.0
Client,115376,137177,2003878,,2736527,2501876,2915391,2573860,1477801,754842,1033031,846041,,7905839,07-05-2025,400338.0,9590300.0
DII,76784,41984,230460,,70,53282,0,0,4354,110,177675,0,,4182659,07-05-2025,3963000.0,365060.0
FII,83473,83015,3922361,,785188,772772,754996,786397,292093,223215,346090,318989,,4355361,07-05-2025,2065874.0,6079102.0
Pro,23408,36865,621740,,1261225,1227900,1112623,1195573,797355,850717,1014807,663854,,4372949,07-05-2025,349227.0,4782346.0
TOTAL,299041,299041,6778439,,4783010,4555830,4783010,4555830,2571603,1828884,2571603,1828884,,20816808,07-05-2025,6778439.0,20816808.0
Client,107666,142248,1994623,,1459088,1257880,1805140,1578703,1568846,706889,1064581,864055,,5857764,08-05-2025,403036.0,7094992.0
DII,76763,34315,235668,,70,58097,0,0,4429,110,187140,0,,4150116,08-05-2025,3928661.0,375137.0
FII,89606,82142,3928529,,611997,724421,338540,459529,320283,237870,357659,347626,,3678716,08-05-2025,2093220.0,5912706.0
Pro,21912,37242,631725,,765107,807521,692582,809687,793156,921983,1077334,655171,,3637644,08-05-2025,365628.0,3941404.0
TOTAL,295947,295947,6790545,,2836262,2847920,2836262,2847920,2686714,1866852,2686714,1866852,,17324240,08-05-2025,6790545.0,17324240.0
Client,112445,132935,1976021,,1821662,1474914,2093467,1692385,1628827,715777,1081758,877823,,6261325,09-05-2025,382957.0,7729646.0
DII,86635,27456,243041,,70,58497,0,0,4429,110,218845,0,,4212937,09-05-2025,3966636.0,392782.0
FII,77186,84606,3884178,,704650,720011,526867,531066,333930,260748,378497,345133,,3930640,09-05-2025,2064471.0,5980702.0
Pro,17837,49106,637813,,879730,800921,785777,830891,814246,932313,1102332,685992,,3781087,09-05-2025,326989.0,4082859.0
TOTAL,294103,294103,6741053,,3406111,3054342,3406111,3054342,2781432,1908948,2781432,1908948,,18185989,09-05-2025,6741053.0,18185989.0
Client,125063,143176,1983846,,1784929,2192007,2118624,2416587,1543266,806731,1078505,878835,,7024544,12-05-2025,388817.0,8435842.0
DII,83392,30566,243342,,70,52649,0,0,4476,110,281424,0,,4302301,12-05-2025,3990311.0,384039.0
FII,80301,80148,3962710,,774531,869014,566411,687352,339668,271517,392909,363644,,4125035,12-05-2025,2034572.0,6297741.0
Pro,19452,54318,603998,,997632,1141999,872129,1151730,927982,904490,1062554,740369,,4261296,12-05-2025,380196.0,4595554.0
TOTAL,308208,308208,6793896,,3557163,4255669,3557163,4255669,2815392,1982848,2815392,1982848,,19713176,12-05-2025,6793896.0,19713176.0
Client,146838,124763,2081195,,2790323,2110138,2941706,2371495,1786189,805838,1115873,915697,,7850458,13-05-2025,380923.0,9720521.0
DII,83800,35187,236241,,70,48678,0,0,4344,110,290061,0,,4342235,13-05-2025,4016987.0,373243.0
FII,54961,91461,3887954,,833886,956897,707625,787025,331608,284867,432348,376606,,4461582,13-05-2025,2066517.0,6350172.0
Pro,15598,49786,618139,,1267354,1038328,1242302,995520,888902,927183,1172761,725695,,4545166,13-05-2025,359102.0,4755504.0
TOTAL,301197,301197,6823529,,4891633,4154041,4891633,4154041,3011043,2017998,3011043,2017998,,21199441,13-05-2025,6823529.0,21199441.0
Client,138345,122578,2104925,,2952350,2416037,3201441,2629415,1895529,875644,1158434,947350,,8451607,14-05-2025,392390.0,10382831.0
DII,83742,35321,242778,,70,48637,0,0,4344,110,307567,0,,4379803,14-05-2025,4036915.0,379681.0
FII,56759,91562,3890500,,825042,945278,685504,797779,340970,286984,458085,394878,,4496851,14-05-2025,2069043.0,6345533.0
Pro,16602,45987,635304,,1353306,1101050,1243824,1083809,917894,932220,1234651,752730,,4736160,14-05-2025,375159.0,4956376.0
TOTAL,295448,295448,6873507,,5130769,4511002,5130769,4511002,3158737,2094958,3158737,2094958,,22064421,14-05-2025,6873507.0,22064421.0
Client,136977,135823,2077482,,1603399,1734767,1845757,1938390,1819771,952718,1165463,966274,,6469667,15-05-2025,417959.0,8325114.0
DII,79399,48751,246922,,70,45637,0,0,4219,110,330029,0,,4420368,15-05-2025,4041588.0,376357.0
FII,70023,83544,3949363,,608418,729360,423710,526196,366377,287251,465564,418072,,3944993,15-05-2025,2027907.0,6010792.0
Pro,25367,43648,627055,,745769,759416,688188,804594,976968,930612,1206279,786345,,3942422,15-05-2025,413368.0,4065187.0
TOTAL,311766,311766,6900822,,2957656,3269180,2957656,3269180,3167335,2170691,3167335,2170691,,18777450,15-05-2025,6900822.0,18777450.0
Client,143410,132309,2113161,,2109364,1931880,2325031,2125888,1957908,1003182,1193942,999724,,7187683,16-05-2025,410789.0,9258905.0
DII,79181,47151,253030,,70,46637,0,0,3877,110,334017,0,,4447063,16-05-2025,4065895.0,382905.0
FII,64538,87773,3933185,,702642,762939,535494,595298,376097,292169,506640,447234,,4212941,16-05-2025,2040502.0,6131570.0
Pro,22011,41907,646018,,912144,801327,863696,821596,1001742,962725,1305025,811228,,4271661,16-05-2025,428208.0,4345967.0
TOTAL,309140,309140,6945394,,3724221,3542783,3724221,3542783,3339624,2258186,3339624,2258186,,20119348,16-05-2025,6945394.0,20119348.0
Client,143387,134331,2142451,,2606760,2082088,2764459,2275405,2137177,1028970,1242665,1023464,,7857866,19-05-2025,417543.0,10140833.0
DII,79421,48216,262771,,70,49037,0,0,3527,110,334716,0,,4380598,19-05-2025,3997666.0,394936.0
FII,64745,88243,3899659,,799875,774956,640653,595415,384843,301206,543635,470120,,4403710,19-05-2025,2065644.0,6225284.0
Pro,23264,40027,661308,,1063880,820511,1065474,855772,1006343,990322,1410874,827024,,4684507,19-05-2025,485336.0,4565629.0
TOTAL,310817,310817,6966189,,4470585,3726592,4470585,3726592,3531890,2320608,3531890,2320608,,21326682,19-05-2025,6966189.0,21326682.0
Client,162424,127201,2174474,,3137464,2121934,3362991,2370569,2341701,976367,1280462,1031127,,8584586,20-05-2025,412236.0,10914364.0
DII,82434,65752,275580,,70,47437,0,0,3800,110,339742,0,,4498505,20-05-2025,4093011.0,409431.0
FII,55387,94135,3855700,,871660,827213,698940,627682,392935,317406,593517,487074,,4585455,20-05-2025,2084107.0,6320301.0
Pro,30355,43512,698362,,1402716,848235,1349978,846569,990415,1034086,1515130,809768,,4979719,20-05-2025,414762.0,5004169.0
TOTAL,330600,330600,7004116,,5411910,3844820,5411910,3844820,3728851,2327969,3728851,2327969,,22648266,20-05-2025,7004116.0,22648266.0
Client,169860,126290,2169595,,3021900,2299671,3436940,2639709,2368546,1036854,1313870,1045043,,8990086,21-05-2025,428234.0,11066426.0
DII,82436,82511,278473,,70,48254,0,0,3800,2646,339742,0,,4521108,21-05-2025,4098855.0,415679.0
FII,55963,93552,3882569,,851774,912881,571854,630033,396653,322278,608309,508818,,4496659,21-05-2025,2084093.0,6422119.0
Pro,36314,42220,707825,,1365649,981256,1230599,972320,1012856,1039477,1519934,847394,,5039747,21-05-2025,427280.0,5143377.0
TOTAL,344573,344573,7038462,,5239393,4242062,5239393,4242062,3781855,2401255,3781855,2401255,,23047600,21-05-2025,7038462.0,23047600.0
Client,180017,115177,2215846,,1970309,1564460,2126466,1848530,2508307,1006901,1316839,1042126,,6866924,22-05-2025,417786.0,9445840.0
DII,82701,85858,280472,,70,48254,0,0,3800,1730,349393,0,,4562669,22-05-2025,4127418.0,417027.0
FII,48897,104206,3858553,,604318,689688,437499,459545,395668,336226,651802,532119,,4304690,22-05-2025,2119519.0,5933350.0
Pro,36587,42961,737814,,793591,681886,804324,676213,981944,1064280,1571685,834892,,4358036,22-05-2025,427962.0,4296102.0
TOTAL,348202,348202,7092685,,3368288,2984288,3368288,2984288,3889719,2409137,3889719,2409137,,20092319,22-05-2025,7092685.0,20092319.0
Client,177228,118281,2187588,,1995255,2056941,2432302,2386341,2371342,1028099,1306974,1034971,,7680831,23-05-2025,401963.0,9816454.0
DII,82709,88923,283789,,70,48654,0,0,4453,1730,354875,0,,4584662,23-05-2025,4140864.0,421405.0
FII,52567,106764,3887844,,712928,762030,468598,516600,417928,347265,657727,531984,,4385542,23-05-2025,2103869.0,6180562.0
Pro,41749,40285,727345,,1004947,948320,812301,913005,1042549,1050453,1516696,860592,,4582749,23-05-2025,439870.0,4815363.0
TOTAL,354253,354253,7086566,,3713200,3815946,3713200,3815946,3836272,2427547,3836272,2427547,,21233784,23-05-2025,7086566.0,21233784.0
Client,178404,120087,2194037,,2111432,2149226,2649198,2622688,2245789,1022797,1281782,1036827,,8111833,26-05-2025,401250.0,9901685.0
DII,79474,92523,296363,,70,45628,0,0,5176,1730,355514,0,,4593416,26-05-2025,4145379.0,428441.0
FII,58418,109730,3902849,,838650,881553,477265,520078,456209,384299,638843,515922,,4365354,26-05-2025,2103516.0,6521979.0
Pro,43636,37592,707893,,1121339,1051964,945028,985605,1082794,1058413,1513829,914490,,4847541,26-05-2025,450997.0,5066039.0
TOTAL,359932,359932,7101142,,4071491,4128372,4071491,4128372,3789968,2467239,3789968,2467239,,21918144,26-05-2025,7101142.0,21918144.0
Client,181980,116169,2243618,,2640473,2013001,3229501,2633663,2179035,949029,1244159,1022049,,8627526,27-05-2025,381985.0,10207136.0
DII,83097,73308,300075,,70,45335,0,0,5176,1730,349353,0,,4613059,27-05-2025,4190398.0,435483.0
FII,56668,124087,3918735,,1006189,1005050,623927,557185,477337,407982,633338,509134,,4598407,27-05-2025,2150736.0,6871962.0
Pro,30400,38581,711803,,1404109,1138279,1197413,1010816,1073487,1070130,1508185,897688,,5103796,27-05-2025,451112.0,5428208.0
TOTAL,352145,352145,7174231,,5050841,4201665,5050841,4201665,3735035,2428871,3735035,2428871,,22942788,27-05-2025,7174231.0,22942788.0
Client,190883,118440,2275668,,3282376,2281756,3428797,2508601,2060234,914338,1158697,983700,,8566033,28-05-2025,367797.0,11005255.0
DII,83883,71408,319557,,70,45335,0,0,5176,1730,341431,0,,4605886,28-05-2025,4193047.0,455751.0
FII,53684,132671,3886244,,766906,841639,647527,678614,465827,386491,641394,528210,,4809230,28-05-2025,2180814.0,6400791.0
Pro,35291,41222,744601,,1340829,1026876,1313857,1008391,1050238,1079233,1439953,869882,,5157716,28-05-2025,484412.0,5277067.0
TOTAL,363741,363741,7226070,,5390181,4195606,5390181,4195606,3581475,2381792,3581475,2381792,,23138865,28-05-2025,7226070.0,23138865.0
Client,163518,105626,2182092,,1395059,1092250,1495661,1296173,942165,349930,522025,503921,,4217488,29-05-2025,294081.0,6125014.0
DII,76697,40378,167642,,70,10901,0,0,3620,0,1884,0,,4126823,29-05-2025,4084561.0,258930.0
FII,25371,103334,3728862,,289700,333194,223969,208425,42838,71327,156051,106383,,2899997,29-05-2025,2101835.0,4491293.0
Pro,16354,32602,621427,,536182,525790,501381,457537,307773,471668,616436,282621,,2110123,29-05-2025,219546.0,2479194.0
TOTAL,281940,281940,6700023,,2221012,1962136,2221012,1962136,1296396,892925,1296396,892925,,13354431,29-05-2025,6700023.0,13354431.0
Client,171398,109608,2264334,,1936644,1391621,2173570,1690989,1184894,426902,672365,615738,,5568926,30-05-2025,306656.0,7375792.0
DII,77035,41978,176246,,70,10901,0,0,3620,0,18228,0,,4207365,30-05-2025,4147159.0,267872.0
FII,26158,109842,3695772,,435738,451396,303930,282038,63319,95462,207971,144610,,3127232,30-05-2025,2078841.0,4767846.0
Pro,19518,32681,650574,,814102,704211,709054,585101,413288,597187,766557,359203,,2706867,30-05-2025,254270.0,3198880.0
TOTAL,294109,294109,6786926,,3186554,2558129,3186554,2558129,1665121,1119551,1665121,1119551,,15610390,30-05-2025,6786926.0,15610390.0
Client,172394,110418,2288680,,2044640,1596213,2504714,1991592,1336227,481968,756665,671523,,6352165,02-06-2025,317254.0,7920123.0
DII,77035,36606,185322,,70,10901,0,0,3826,1678,126979,0,,4343589,02-06-2025,4180004.0,278832.0
FII,26663,115729,3686593,,547183,579674,343040,317347,100092,113911,226204,177854,,3243816,02-06-2025,2063642.0,5054116.0
Pro,18025,31364,659082,,1049652,901229,793791,779079,515965,651802,846262,399982,,3109255,02-06-2025,258777.0,3795755.0
TOTAL,294117,294117,6819677,,3641545,3088018,3641545,3088018,1956110,1249359,1956110,1249359,,17048826,02-06-2025,6819677.0,17048826.0
Client,181370,111981,2347890,,2920416,1719103,3187497,2025650,1526123,498699,816770,733604,,7191091,03-06-2025,315589.0,9193601.0
DII,80002,34766,186713,,70,10901,0,0,3926,0,157181,0,,4401397,03-06-2025,4209450.0,281612.0
FII,25786,128940,3674315,,582147,634210,452500,432941,119960,133662,280576,212371,,3602192,03-06-2025,2094864.0,5170081.0
Pro,21169,32640,690426,,1317809,867204,1180446,772827,555501,739562,950983,425948,,3642285,03-06-2025,279441.0,4191671.0
TOTAL,308327,308327,6899344,,4820443,3231418,4820443,3231418,2205510,1371923,2205510,1371923,,18836965,03-06-2025,6899344.0,18836965.0
Client,184832,116197,2379135,,2919692,1981635,3222588,2219805,1633720,551308,881666,767981,,7538526,04-06-2025,330289.0,9650321.0
DII,79608,35017,187689,,70,10901,0,0,4030,0,174327,0,,4450341,04-06-2025,4240997.0,282298.0
FII,26924,129859,3680849,,552207,612458,452628,477037,137257,135910,322634,258688,,3749810,04-06-2025,2108964.0,5145605.0
Pro,20720,31011,712557,,1394448,1006482,1191200,914635,604934,792253,1001314,452802,,3870942,04-06-2025,279980.0,4531394.0
TOTAL,312084,312084,6960230,,4866417,3611476,4866417,3611476,2379941,1479471,2379941,1479471,,19609619,04-06-2025,6960230.0,19609619.0
Client,189297,120628,2402797,,1500648,1303689,1674288,1542909,1689165,601486,921245,790311,,5388005,05-06-2025,338624.0,7687082.0
DII,78032,38942,190249,,70,10901,0,0,4030,0,196162,0,,4484725,05-06-2025,4249621.0,283282.0
FII,26304,133292,3702217,,434801,493695,312936,326561,157571,148078,361612,293964,,3565036,05-06-2025,2136671.0,4962666.0
Pro,27870,28641,721841,,683629,666723,631925,605537,655200,817433,1026947,482722,,3067961,05-06-2025,292188.0,3572695.0
TOTAL,321503,321503,7017104,,2619149,2475007,2619149,2475007,2505966,1566997,2505966,1566997,,16505726,05-06-2025,7017104.0,16505726.0
Client,188351,126827,2376950,,1772897,1966876,2095347,2138360,1701903,676974,969120,808973,,6477690,06-06-2025,339063.0,8683951.0
DII,79043,39677,201913,,70,11201,0,0,4030,0,209812,0,,4513441,06-06-2025,4263952.0,296257.0
FII,33228,125958,3732708,,539142,541230,391131,398827,182804,160224,395716,326601,,3750298,06-06-2025,2112065.0,5189336.0
Pro,29566,37726,714132,,949234,886700,774864,868820,720635,822988,1034724,524612,,3551369,06-06-2025,310623.0,4123254.0
TOTAL,330188,330188,7025703,,3261342,3406007,3261342,3406007,2609372,1660186,2609372,1660186,,18292798,06-06-2025,7025703.0,18292798.0
Client,193456,126885,2398827,,2154753,2314415,2385323,2417131,1815518,749114,1032067,845223,,7164055,09-06-2025,357425.0,9626083.0
DII,82151,39725,213538,,70,11201,0,0,4030,0,210415,0,,4516858,09-06-2025,4266718.0,310990.0
FII,31072,126944,3739938,,581994,551372,460206,422916,204613,167213,426876,365986,,3922234,09-06-2025,2119306.0,5276202.0
Pro,26205,39330,719901,,1004863,922230,896151,959171,754563,861658,1109366,566776,,3899549,09-06-2025,328755.0,4289420.0
TOTAL,332884,332884,7072204,,3741680,3799218,3741680,3799218,2778724,1777985,2778724,1777985,,19502696,09-06-2025,7072204.0,19502696.0
Client,193068,123968,2416039,,2477292,2448518,2661802,2596742,1967396,775593,1080854,875038,,7702054,10-06-2025,363649.0,10277906.0
DII,80452,40925,219396,,70,11201,0,0,4030,0,218890,0,,4502825,10-06-2025,4243010.0,315149.0
FII,30942,123966,3703529,,620905,599786,504331,444525,214115,171737,474526,399595,,4074681,10-06-2025,2127739.0,5341014.0
Pro,22060,37663,729263,,1054480,989897,986614,1008135,778441,905822,1189712,578519,,4134471,10-06-2025,333829.0,4479962.0
TOTAL,326522,326522,7068227,,4152747,4049402,4152747,4049402,2963982,1853152,2963982,1853152,,20414032,10-06-2025,7068227.0,20414032.0
Client,190746,129409,2424855,,2532507,2529764,2935536,2866397,2110765,803753,1123968,903794,,8324381,11-06-2025,365277.0,10592389.0
DII,78822,42740,226582,,70,11201,0,0,4030,0,229396,0,,4504275,11-06-2025,4232139.0,320705.0
FII,34473,121022,3689537,,746366,706236,470490,407558,230631,180341,520147,431026,,4080313,11-06-2025,2130070.0,5587583.0
Pro,22450,33320,737659,,1199534,1097570,1072450,1070815,785561,943708,1257476,592982,,4378190,11-06-2025,351147.0,4786481.0
TOTAL,326491,326491,7078633,,4478476,4344770,4478476,4344770,3130987,1927802,3130987,1927802,,21287159,11-06-2025,7078633.0,21287159.0
Client,197044,123776,2439828,,1771358,1436759,1939892,1720936,2358361,748662,1166640,921357,,6230717,12-06-2025,358116.0,8952012.0
DII,80391,37140,229741,,70,14534,0,0,3898,0,241974,0,,4497091,12-06-2025,4217977.0,328634.0
FII,31951,131429,3663750,,486799,538638,326817,317039,233494,192673,586463,454266,,4016540,12-06-2025,2200526.0,5147305.0
Pro,21360,38401,782852,,759357,716939,750874,668895,775001,1009872,1375677,575584,,3748983,12-06-2025,339552.0,4065381.0
TOTAL,330746,330746,7116171,,3017583,2706870,3017583,2706870,3370754,1951207,3370754,1951207,,18493331,12-06-2025,7116171.0,18493331.0
Client,200462,123905,2438582,,2117643,1651481,2408089,1925375,2492384,750939,1219513,926830,,6959315,13-06-2025,355602.0,9651491.0
DII,87622,34557,236162,,70,15534,0,0,3898,0,254823,0,,4503457,13-06-2025,4214077.0,343286.0
FII,32115,136324,3646370,,539681,593490,374625,382522,247019,199487,597042,478841,,4201051,13-06-2025,2231697.0,5258162.0
Pro,19890,45303,812922,,974002,839861,848682,792469,789676,1042683,1461599,587438,,4068151,13-06-2025,332660.0,4479034.0
TOTAL,340089,340089,7134036,,3631396,3100367,3631396,3100367,3532977,1993109,3532977,1993109,,19731974,13-06-2025,7134036.0,19731974.0
Client,192737,127208,2443260,,2059590,2276181,2522177,2484157,2503552,823783,1244127,927470,,7669518,16-06-2025,364380.0,10299103.0
DII,86414,39787,235918,,70,15546,0,0,3950,70,276400,0,,4559026,16-06-2025,4242839.0,341968.0
FII,34514,136257,3688504,,555120,618169,391924,435136,264327,201377,620032,498742,,4314771,16-06-2025,2232679.0,5362011.0
Pro,27801,38214,815352,,1105627,1037357,806305,1027961,816747,1015801,1448017,614819,,4278452,16-06-2025,343136.0,4818685.0
TOTAL,341466,341466,7183034,,3720406,3947254,3720406,3947254,3588576,2041031,3588576,2041031,,20821767,16-06-2025,7183034.0,20821767.0
Client,195916,125829,2457797,,2592938,2214510,2907746,2475071,2647222,836075,1271221,943146,,8093479,17-06-2025,370466.0,10944458.0
DII,86182,39912,239146,,70,15887,0,0,3950,140,287014,0,,4545695,17-06-2025,4218769.0,345375.0
FII,35733,135216,3686095,,576913,619198,399897,409605,273001,207891,654436,532796,,4388329,17-06-2025,2256379.0,5398831.0
Pro,24165,41039,821412,,1110592,1021820,972869,986739,811606,1051133,1523108,619297,,4501888,17-06-2025,358836.0,4840728.0
TOTAL,341996,341996,7204450,,4280512,3871415,4280512,3871415,3735779,2095239,3735779,2095239,,21529391,17-06-2025,7204450.0,21529391.0
Client,193128,124467,2486430,,2976965,2247764,3264023,2501852,2720584,848205,1299182,958114,,8521097,18-06-2025,373459.0,11473076.0
DII,86174,43628,244158,,70,15887,0,0,3950,140,291218,0,,4567269,18-06-2025,4232423.0,350379.0
FII,34368,133501,3693439,,592784,618216,461945,438128,288804,214616,679072,541806,,4545604,18-06-2025,2291152.0,5442227.0
Pro,24492,36566,847310,,1318788,1018657,1162639,960545,823366,1062807,1567232,625848,,4727133,18-06-2025,374303.0,5095421.0
TOTAL,338162,338162,7271337,,4888607,3900524,4888607,3900524,3836704,2125768,3836704,2125768,,22361102,18-06-2025,7271337.0,22361102.0
Client,189943,126090,2477513,,1710563,1518690,2010172,1786090,2739060,831823,1292586,951810,,6544700,19-06-2025,377952.0,9467592.0
DII,86051,43811,249800,,70,15887,0,0,3898,140,310141,0,,4567692,19-06-2025,4213740.0,355846.0
FII,39173,136135,3690210,,498768,536702,296620,308294,312670,225425,686402,548869,,4269852,19-06-2025,2293533.0,5302948.0
Pro,23893,33024,862672,,837420,718291,740030,695186,819770,1075728,1586269,632437,,4081916,19-06-2025,394970.0,4337775.0
TOTAL,339060,339060,7280195,,3046821,2789570,3046821,2789570,3875398,2133116,3875398,2133116,,19464160,19-06-2025,7280195.0,19464160.0
Client,184737,126982,2440985,,1827905,2124806,2306888,2368944,2437644,875350,1263244,946802,,7399585,20-06-2025,386725.0,9891426.0
DII,81593,51037,254351,,70,15887,0,0,3898,140,329054,0,,4581338,20-06-2025,4201247.0,355939.0
FII,43734,140102,3747434,,607315,649320,452592,481610,350697,235747,652512,543893,,4543583,20-06-2025,2272874.0,5634248.0
Pro,38294,30237,850415,,1105041,1065731,780851,1005189,902545,1050229,1449974,670771,,4369362,20-06-2025,432339.0,5012255.0
TOTAL,348358,348358,7293185,,3540331,3855744,3540331,3855744,3694784,2161466,3694784,2161466,,20893868,20-06-2025,7293185.0,20893868.0
Client,184906,116906,2447665,,2252504,2271075,2699373,2601933,2349425,879756,1236552,942721,,7980893,23-06-2025,383409.0,10385331.0
DII,80448,48021,258147,,70,23487,0,0,3898,210,337198,0,,4603450,23-06-2025,4218231.0,366260.0
FII,42664,145371,3693140,,615273,704144,436532,487740,386653,249016,628298,538744,,4440137,23-06-2025,2203452.0,5690890.0
Pro,32826,30546,830524,,1133974,1040017,865915,949051,916769,1053215,1454697,700732,,4425325,23-06-2025,424384.0,5007325.0
TOTAL,340844,340844,7229476,,4001820,4038723,4001820,4038723,3656745,2182197,3656745,2182197,,21449806,23-06-2025,7229476.0,21449806.0
Client,186962,115164,2423111,,2675707,2310902,3061143,2595797,2199003,839482,1193224,920174,,8251772,24-06-2025,366270.0,10635166.0
DII,77256,42747,262965,,70,25187,0,0,3898,210,337452,0,,4584513,24-06-2025,4204314.0,369586.0
FII,46141,155612,3707375,,657824,684667,579392,552240,407948,261712,618732,541833,,4646548,24-06-2025,2198739.0,5765667.0
Pro,39683,36519,814004,,1391558,1081941,1084623,954660,924805,1066158,1386246,705555,,4605735,24-06-2025,438132.0,5318149.0
TOTAL,350042,350042,7207455,,4725158,4102697,4725158,4102697,3535654,2167562,3535654,2167562,,22088568,24-06-2025,7207455.0,22088568.0
Client,179448,123519,2363978,,2432787,2830335,2913816,3149028,1978507,851771,1109855,893495,,8541332,25-06-2025,351618.0,10636826.0
DII,75682,45247,263745,,70,25187,0,0,4087,210,330317,0,,4525193,25-06-2025,4149629.0,368981.0
FII,46451,153321,3693426,,715457,810579,557900,629518,412166,247622,614541,554152,,4653629,25-06-2025,2144197.0,5925702.0
Pro,55863,35357,754677,,1420740,1339010,1097338,1226565,953850,1067048,1293897,719004,,4802543,25-06-2025,430382.0,5591188.0
TOTAL,357444,357444,7075826,,4569055,5005112,4569055,5005112,3348610,2166651,3348610,2166651,,22522697,25-06-2025,7075826.0,22522697.0
Client,144501,125452,2168690,,992505,1384850,1247146,1545876,689780,356366,540280,534094,,4262271,26-06-2025,269422.0,5736692.0
DII,76126,47899,112757,,70,14983,0,0,2086,70,1341,0,,3984203,26-06-2025,3934963.0,206092.0
FII,54903,89870,3529240,,315340,367235,241900,290294,67275,67671,97298,87796,,2739465,26-06-2025,1932306.0,4401664.0
Pro,25101,37410,556903,,598654,641509,417522,572406,361939,467002,482161,269219,,2009618,26-06-2025,230899.0,2651108.0
TOTAL,300631,300631,6367590,,1906569,2408577,1906569,2408577,1121080,891109,1121080,891109,,12995556,26-06-2025,6367590.0,12995556.0
Client,148580,132231,2198363,,1388749,1952303,1725562,2081252,868050,423331,662678,623668,,5513434,27-06-2025,288044.0,6979376.0
DII,78508,49599,119017,,70,18383,0,0,2086,70,28257,0,,4067339,27-06-2025,3989483.0,218134.0
FII,55702,89220,3543851,,355675,393527,312628,353081,107952,91864,174138,148227,,2992874,27-06-2025,1915579.0,4548571.0
Pro,28155,39895,585276,,840691,825903,546995,755783,483574,585908,596589,329278,,2521942,27-06-2025,253401.0,3349507.0
TOTAL,310945,310945,6446507,,2585185,3190116,2585185,3190116,1461662,1101173,1461662,1101173,,15095589,27-06-2025,6446507.0,15095589.0
Client,138935,129345,2244852,,2212116,1903694,2476424,2082769,1021760,468774,744909,692779,,6419209,30-06-2025,292983.0,7990131.0
DII,78304,48099,121748,,70,18383,0,0,2086,70,45033,0,,4096172,30-06-2025,4003040.0,220661.0
FII,51034,89157,3520669,,375104,390817,378882,373472,130316,110027,201130,161132,,3144074,30-06-2025,1940300.0,4577967.0
Pro,39419,41091,608641,,1158437,832826,890422,689478,520444,641513,683534,366473,,2930585,30-06-2025,259587.0,3801281.0
TOTAL,307692,307692,6495910,,3745728,3145720,3745728,3145720,1674606,1220384,1674606,1220384,,16590040,30-06-2025,6495910.0,16590040.0
Client,136360,130815,2291603,,2435107,2109566,2656126,2394441,1163514,518696,825803,753868,,7059752,01-07-2025,298699.0,8654846.0
DII,77978,48099,125533,,70,18383,0,0,2086,253,110983,0,,4182945,01-07-2025,4023863.0,224303.0
FII,53195,91901,3520760,,407878,485234,377479,351068,152467,122266,233301,185262,,3200872,01-07-2025,1961861.0,4741800.0
Pro,43165,39883,613425,,1079475,952563,888925,820237,600325,698475,748305,400560,,3164808,01-07-2025,266898.0,3987428.0
TOTAL,310698,310698,6551321,,3922531,3565746,3922531,3565746,1918392,1339690,1918392,1339690,,17608377,01-07-2025,6551321.0,17608377.0
Client,141425,123767,2307524,,2917744,2155281,2946503,2397570,1289190,539171,880026,799478,,7449169,02-07-2025,301825.0,9350335.0
DII,76861,45420,126397,,70,17583,0,0,2086,253,166379,0,,4248785,02-07-2025,4036986.0,223250.0
FII,49508,98729,3528126,,415581,472715,476704,329703,171161,135636,253541,194656,,3310542,02-07-2025,1957209.0,4772726.0
Pro,33577,33455,605808,,1208049,1018219,1118238,936524,647361,749027,809852,429953,,3599856,02-07-2025,271835.0,4262041.0
TOTAL,301371,301371,6567855,,4541444,3663798,4541444,3663798,2109798,1424087,2109798,1424087,,18608353,02-07-2025,6567855.0,18608353.0
Client,146071,120524,2319341,,1481071,1236522,1563052,1547582,1387049,559744,921598,831740,,5288055,03-07-2025,303559.0,7129798.0
DII,76337,42920,127896,,70,17583,0,0,2086,253,217776,0,,4309051,03-07-2025,4048355.0,224225.0
FII,43723,105530,3522295,,267140,374127,218601,210180,189515,151101,280815,207461,,2976654,03-07-2025,1954066.0,4547901.0
Pro,31934,29091,610020,,635449,729096,602078,599565,698493,783197,856954,455094,,2816354,03-07-2025,273572.0,3488190.0
TOTAL,298065,298065,6579552,,2383731,2357328,2383731,2357328,2277143,1494295,2277143,1494295,,15390114,03-07-2025,6579552.0,15390114.0
Client,146766,115062,2326427,,1898043,1606581,2164476,1953421,1499147,588444,980265,866970,,6384439,04-07-2025,304245.0,8065408.0
DII,75272,43720,131757,,70,18084,0,0,2086,253,246867,0,,4352790,04-07-2025,4062203.0,227522.0
FII,43986,109673,3527844,,312500,429805,260097,277779,193252,154536,286400,210535,,3109876,04-07-2025,1965392.0,4661922.0
Pro,29928,27497,626967,,853100,847178,639140,670447,742206,818068,923159,483796,,3025193,04-07-2025,281155.0,3917446.0
TOTAL,295952,295952,6612995,,3063713,2901647,3063713,2901647,2436691,1561301,2436691,1561301,,16872299,04-07-2025,6612995.0,16872299.0
Client,153022,115506,2332448,,2076423,1745559,2256845,2080609,1601754,617453,1020925,885782,,6664187,07-07-2025,304520.0,8526659.0
DII,75152,43720,132319,,70,18084,0,0,2086,415,271527,0,,4384913,07-07-2025,4069666.0,228126.0
FII,44888,113991,3527997,,318995,437331,276812,295042,195909,156750,288598,213311,,3158385,07-07-2025,1970631.0,4681869.0
Pro,26723,26568,636503,,872075,930540,733905,755863,761767,835631,980466,511156,,3292407,07-07-2025,284450.0,4063238.0
TOTAL,299785,299785,6629267,,3267562,3131514,3267562,3131514,2561516,1610249,2561516,1610249,,17499893,07-07-2025,6629267.0,17499893.0
Client,161642,117727,2358113,,2135434,2042346,2314308,2326029,1693634,639027,1061910,910253,,7037667,08-07-2025,307440.0,9030196.0
DII,75119,43720,136225,,70,21581,0,0,2086,415,291507,0,,4422323,08-07-2025,4087096.0,235496.0
FII,47671,118184,3523251,,330830,440443,295869,305378,190307,159181,286965,217709,,3216537,08-07-2025,1992432.0,4691682.0
Pro,25703,30504,660507,,953101,1031784,809258,904746,799714,872209,1045359,542870,,3623865,08-07-2025,291128.0,4343018.0
TOTAL,310135,310135,6678096,,3419434,3536154,3419434,3536154,2685741,1670832,2685741,1670832,,18300392,08-07-2025,6678096.0,18300392.0
Client,166250,120455,2377555,,2612658,2042928,2690182,2365734,1787340,663894,1106311,939490,,7541909,09-07-2025,319737.0,9650625.0
DII,75137,43720,141257,,70,21581,0,0,2086,415,313608,0,,4450934,09-07-2025,4093606.0,240546.0
FII,47032,122737,3524965,,357511,443364,342682,307214,184438,172657,274157,213927,,3266607,09-07-2025,2005890.0,4729966.0
Pro,29972,31479,677792,,1183678,1128951,1121053,963875,827343,895417,1107131,578966,,4104840,09-07-2025,302336.0,4743153.0
TOTAL,318391,318391,6721569,,4153917,3636823,4153917,3636823,2801207,1732383,2801207,1732383,,19364290,09-07-2025,6721569.0,19364290.0
Client,171126,116937,2400067,,1569418,1255602,1608491,1552772,1876529,669380,1150041,968678,,5714485,10-07-2025,317565.0,7942122.0
DII,75273,43720,144733,,70,20581,0,0,2086,415,321815,0,,4447578,10-07-2025,4082043.0,243158.0
FII,41476,126725,3477277,,263223,378421,218092,221618,173324,170133,240257,193576,,3017879,10-07-2025,2017611.0,4503853.0
Pro,31911,32404,694361,,665073,730875,671200,611088,832385,926319,1172211,603993,,3390115,10-07-2025,299219.0,3880924.0
TOTAL,319786,319786,6716438,,2497783,2385479,2497783,2385479,2884324,1766247,2884324,1766247,,16570057,10-07-2025,6716438.0,16570057.0
Client,178631,110608,2420725,,2299359,1433224,2324355,1826035,2010534,657360,1195097,991470,,6773558,11-07-2025,325993.0,8999833.0
DII,75383,41220,154590,,70,16888,0,0,2086,415,364615,0,,4495072,11-07-2025,4089237.0,249432.0
FII,35226,138986,3480173,,346342,448301,337657,273297,176040,173111,242601,188821,,3232582,11-07-2025,2051219.0,4659193.0
Pro,34480,32906,724209,,953090,899337,936848,698418,857020,959274,1243367,609869,,3834656,11-07-2025,313248.0,4427410.0
TOTAL,323720,323720,6779697,,3598861,2797750,3598861,2797750,3045680,1790160,3045680,1790160,,18335868,11-07-2025,6779697.0,18335868.0
Client,189305,109458,2443308,,2611999,1615906,2688752,2018554,2090494,685108,1242747,1004780,,7397669,14-07-2025,333377.0,9636120.0
DII,71999,36220,157793,,70,15336,0,0,2086,415,388855,0,,4544924,14-07-2025,4119849.0,247699.0
FII,34985,156047,3490705,,373321,442669,390172,293753,171633,174124,241188,183790,,3326706,14-07-2025,2061756.0,4687436.0
Pro,39027,33591,740096,,1150749,989260,1057214,750863,887192,964672,1278615,635749,,4072953,14-07-2025,316920.0,4770997.0
TOTAL,335316,335316,6831902,,4136138,3063171,4136138,3063171,3151405,1824319,3151405,1824319,,19342252,14-07-2025,6831902.0,19342252.0
Client,191649,108482,2464242,,2559800,2007398,2663457,2352909,2092380,712326,1268090,1020323,,7752464,15-07-2025,339203.0,10027794.0
DII,72050,36118,164990,,70,13283,0,0,2086,415,401956,0,,4572590,15-07-2025,4134516.0,252894.0
FII,36299,158119,3495595,,369936,461212,363840,311236,172898,173748,242047,185582,,3324348,15-07-2025,2063524.0,4709687.0
Pro,38547,35826,735106,,1067037,1043913,969545,861660,920130,969131,1275401,649715,,4114837,15-07-2025,322690.0,4773864.0
TOTAL,338545,338545,6859933,,3996842,3525806,3996842,3525806,3187494,1855620,3187494,1855620,,19764240,15-07-2025,6859933.0,19764240.0
Client,194340,110312,2491125,,2787803,2267960,2862212,2598216,2187600,746085,1308673,1053776,,8279114,16-07-2025,345925.0,10674913.0
DII,72102,34118,182076,,70,13283,0,0,2086,415,408089,0,,4571468,16-07-2025,4129261.0,270032.0
FII,35961,161473,3475270,,385035,493511,379664,341608,174679,174952,244980,184927,,3404526,16-07-2025,2091874.0,4739408.0
Pro,39988,36488,751069,,1146165,1190424,1077197,1025353,937284,990447,1339907,673196,,4484622,16-07-2025,332480.0,5055377.0
TOTAL,342391,342391,6899540,,4319073,3965178,4319073,3965178,3301649,1911899,3301649,1911899,,20739730,16-07-2025,6899540.0,20739730.0
Client,198989,111997,2523887,,1703474,1280496,1708112,1627643,2279421,759648,1345678,1083939,,6228778,17-07-2025,351410.0,8745915.0
DII,72121,32118,187175,,1570,13283,0,0,2086,415,404748,0,,4582776,17-07-2025,4145910.0,276650.0
FII,34085,169832,3472100,,294815,390103,256699,210131,176285,176573,249403,186916,,3175685,17-07-2025,2102705.0,4543960.0
Pro,41736,32984,760373,,656125,739749,691173,585858,948454,1016273,1406417,682054,,3741996,17-07-2025,343510.0,4162710.0
TOTAL,346931,346931,6943535,,2655983,2423632,2655983,2423632,3406246,1952909,3406246,1952909,,17729236,17-07-2025,6943535.0,17729236.0
Client,206134,112144,2553924,,2315649,1464850,2351123,1904776,2412802,757931,1390433,1101979,,7212881,18-07-2025,352426.0,9711289.0
DII,67768,31826,193896,,7570,14283,0,0,4086,415,401930,0,,4603247,18-07-2025,4169491.0,288018.0
FII,31779,179843,3470940,,355354,460414,355235,260995,175346,188746,256351,191208,,3367247,18-07-2025,2123616.0,4682578.0
Pro,49137,31005,781490,,977588,915643,949802,689419,943205,1043008,1486725,696913,,4208581,18-07-2025,354717.0,4710071.0
TOTAL,354818,354818,7000250,,3656160,2855189,3656160,2855189,3535439,1990100,3535439,1990100,,19391956,18-07-2025,7000250.0,19391956.0
Client,206633,110812,2559885,,2290251,1920424,2486062,2311413,2482030,802340,1426779,1116398,,7808896,21-07-2025,357432.0,10261563.0
DII,66559,29360,197637,,5911,14283,0,0,2086,415,409798,0,,4624715,21-07-2025,4185557.0,286891.0
FII,31538,176782,3438974,,350360,474567,351746,322862,177034,188378,260360,191932,,3405263,21-07-2025,2101582.0,4660850.0
Pro,41845,29621,798047,,1033307,1052479,842021,827477,966980,1049116,1531193,731919,,4312203,21-07-2025,349972.0,4941773.0
TOTAL,346575,346575,6994543,,3679829,3461752,3679829,3461752,3628130,2040249,3628130,2040249,,20151078,21-07-2025,6994543.0,20151078.0
Client,207135,109190,2593875,,2841025,1996706,2864195,2405211,2549349,807623,1443906,1142020,,8331646,22-07-2025,367124.0,10995713.0
DII,65840,29560,204186,,5911,14283,0,0,2086,415,413307,0,,4623229,22-07-2025,4180362.0,292721.0
FII,30254,179708,3426583,,404137,528219,424169,350391,181416,194032,265671,196946,,3534534,22-07-2025,2117650.0,4764640.0
Pro,43873,28644,816220,,1097819,1080196,1060528,863802,979918,1092407,1589885,755511,,4674098,22-07-2025,375728.0,5110433.0
TOTAL,347102,347102,7040864,,4348891,3619404,4348891,3619404,3712769,2094477,3712769,2094477,,21163507,22-07-2025,7040864.0,21163507.0
Client,204737,103216,2592154,,2421661,2557331,2641246,2842075,2508898,854341,1458971,1160030,,8569169,23-07-2025,363630.0,11139122.0
DII,65056,31260,207369,,5911,14283,0,0,2086,415,417396,0,,4647698,23-07-2025,4199042.0,295120.0
FII,32171,177728,3438153,,418425,540459,402265,404952,184995,195454,267249,199183,,3560442,23-07-2025,2109065.0,4809657.0
Pro,38114,27874,828876,,1100090,1279789,902577,1144834,1006469,1087988,1558832,778985,,4807917,23-07-2025,394815.0,5341326.0
TOTAL,340078,340078,7066552,,3946087,4391862,3946087,4391862,3702448,2138198,3702448,2138198,,21585226,23-07-2025,7066552.0,21585226.0
Client,210893,102109,2608203,,1954516,1449525,1967640,1816476,2583576,832794,1455247,1167648,,6872032,24-07-2025,362911.0,9639507.0
DII,65944,37689,211222,,1570,14963,0,0,2452,415,422806,0,,4654781,24-07-2025,4194286.0,296566.0
FII,30674,176212,3405753,,337211,456262,310417,263558,186768,197657,269679,199619,,3314132,24-07-2025,2094647.0,4614325.0
Pro,37471,28972,841461,,728807,767856,744046,608571,995620,1110237,1620684,773836,,4190904,24-07-2025,414795.0,4481452.0
TOTAL,344982,344982,7066639,,3022103,2688606,3022103,2688606,3768416,2141103,3768416,2141103,,19031849,24-07-2025,7066639.0,19031849.0
Client,217910,101463,2594930,,2803065,1538984,2736743,2014106,2629162,778123,1428417,1144868,,7785205,25-07-2025,359607.0,10562174.0
DII,62502,37825,217573,,1570,14963,0,0,2452,415,422647,0,,4637508,25-07-2025,4177036.0,299475.0
FII,31725,190245,3399653,,432309,558610,460562,324550,185705,201355,268783,195123,,3563362,25-07-2025,2124099.0,4809357.0
Pro,45884,28488,874985,,1043637,923609,1083276,697509,973579,1116373,1671051,756275,,4662998,25-07-2025,426399.0,4978067.0
TOTAL,358021,358021,7087141,,4280581,3036165,4280581,3036165,3790898,2096266,3790898,2096266,,20649072,25-07-2025,7087141.0,20649072.0
Client,223751,96914,2569360,,3245888,1606848,3164232,2116160,2601479,770153,1397333,1106805,,8224192,28-07-2025,342748.0,11017479.0
DII,60723,38049,221740,,1570,18296,0,0,2452,415,418715,0,,4676212,28-07-2025,4219448.0,305196.0
FII,33986,198714,3418612,,444580,588880,522244,346635,181334,194216,260467,186414,,3624140,28-07-2025,2109666.0,4861608.0
Pro,45521,30304,856324,,1274678,984435,1280241,735663,982865,1101432,1691615,772997,,4904994,28-07-2025,394174.0,5245255.0
TOTAL,363981,363981,7066036,,4966717,3198459,4966717,3198459,3768130,2066216,3768130,2066216,,21429538,28-07-2025,7066036.0,21429538.0
Client,221661,89857,2557200,,2990974,1996872,3114150,2437918,2407442,798683,1349748,1074633,,8402747,29-07-2025,336441.0,10972832.0
DII,60573,31545,235005,,1570,23796,0,0,2016,415,417207,0,,4717287,29-07-2025,4268535.0,323375.0
FII,31031,201715,3458703,,453880,591027,479598,387862,179638,185616,252562,178005,,3594709,29-07-2025,2094967.0,4899895.0
Pro,47730,37878,841142,,1253231,1043273,1105907,829188,984606,1062817,1554185,794893,,4714158,29-07-2025,392107.0,5232799.0
TOTAL,360995,360995,7092050,,4699655,3654968,4699655,3654968,3573702,2047531,3573702,2047531,,21428900,29-07-2025,7092050.0,21428900.0
Client,219278,86237,2545291,,3005821,2179155,3011218,2557330,2239728,802441,1280154,1044453,,8302374,30-07-2025,322981.0,10991714.0
DII,60374,34515,247139,,1570,27796,0,0,2016,415,409842,0,,4680099,30-07-2025,4235742.0,339310.0
FII,33838,206851,3480187,,455868,568923,506257,418936,172393,168862,247763,172551,,3671280,30-07-2025,2118922.0,4880072.0
Pro,53561,39448,826102,,1285030,1153499,1230814,953107,980410,1056180,1456788,810894,,4912125,30-07-2025,421074.0,5354782.0
TOTAL,367051,367051,7098719,,4748289,3929373,4748289,3929373,3394547,2027898,3394547,2027898,,21565877,30-07-2025,7098719.0,21565877.0
Client,184815,80838,2436244,,1235920,1026045,1243657,1368577,951822,428931,570092,627818,,4148011,31-07-2025,257028.0,6263777.0
DII,62595,32404,127294,,70,24774,0,0,965,0,616,0,,4121420,31-07-2025,4088400.0,215698.0
FII,16338,153998,3346518,,187052,327252,224542,143520,8929,34665,30112,14487,,2574626,31-07-2025,2007967.0,3920755.0
Pro,29278,25786,652962,,466286,571447,421130,437421,322728,517313,683624,338604,,2116188,31-07-2025,209623.0,2560014.0
TOTAL,293026,293026,6563018,,1889329,1949518,1889329,1949518,1284444,980909,1284444,980909,,12960244,31-07-2025,6563018.0,12960244.0
Client,202002,86619,2460900,,2204098,1262583,2110516,1714683,1226855,482178,715508,729820,,5628494,01-08-2025,271348.0,7838616.0
DII,62957,31218,131506,,70,24774,0,0,1148,0,47739,0,,4149552,01-08-2025,4070595.0,220455.0
FII,16421,174605,3340768,,283704,411973,361271,210981,20962,48180,45653,25760,,2853023,01-08-2025,2034752.0,4122008.0
Pro,40378,29316,687796,,751651,790556,767736,564221,419358,630810,859423,405588,,2870559,01-08-2025,244275.0,3320549.0
TOTAL,321758,321758,6620970,,3239523,2489885,3239523,2489885,1668323,1161168,1668323,1161168,,15501627,01-08-2025,6620970.0,15501627.0
Client,199081,86254,2443180,,2206963,1758312,2304380,2180048,1315922,554202,829908,768284,,6443402,04-08-2025,274529.0,8477660.0
DII,62911,31218,136452,,70,24774,0,0,1148,0,104337,0,,4237045,04-08-2025,4101490.0,225355.0
FII,17230,174180,3357670,,292059,406572,338534,238188,31899,56756,58932,34330,,2850986,04-08-2025,2006823.0,4162186.0
Pro,40704,28274,681193,,875745,957551,731924,728974,528527,655414,884319,463758,,3072902,04-08-2025,235653.0,3739134.0
TOTAL,319926,319926,6618495,,3374838,3147209,3374838,3147209,1877496,1266372,1877496,1266372,,16604336,04-08-2025,6618495.0,16604336.0
Client,207549,89052,2477960,,2590223,1801991,2562314,2227267,1445500,579042,897110,824033,,6873636,05-08-2025,273860.0,9102264.0
DII,62935,29518,144003,,70,19634,0,0,1148,0,118895,0,,4237313,05-08-2025,4088900.0,227790.0
FII,17090,185864,3341824,,335018,456499,374810,259607,41825,66382,67259,40961,,2961356,05-08-2025,2032855.0,4258638.0
Pro,46349,29489,676333,,931462,942519,919649,733768,552626,698917,957835,479347,,3364593,05-08-2025,244505.0,3848206.0
TOTAL,333923,333923,6640120,,3856773,3220642,3856773,3220642,2041099,1344341,2041099,1344341,,17436899,05-08-2025,6640120.0,17436899.0
Client,208133,93259,2487645,,3031442,1838812,2902144,2301507,1568131,609232,954212,861780,,7385833,06-08-2025,272931.0,9743395.0
DII,62924,29081,149492,,70,29634,0,0,1388,0,128908,0,,4249292,06-08-2025,4091303.0,243508.0
FII,17310,184401,3338651,,396621,532016,449463,270008,45689,70798,72478,45211,,3073309,06-08-2025,2051748.0,4401086.0
Pro,46578,28204,690425,,1095861,1011220,1172388,840167,574299,738490,1033909,511529,,3836428,06-08-2025,250231.0,4156873.0
TOTAL,334945,334945,6666213,,4523995,3411682,4523995,3411682,2189507,1418520,2189507,1418520,,18544862,06-08-2025,6666213.0,18544862.0
Client,209403,89593,2503840,,1532145,1245912,1464923,1622163,1629659,625358,1008638,879834,,5331324,07-08-2025,266174.0,7746317.0
DII,64020,27088,152268,,70,25383,0,0,1388,0,141400,0,,4305954,07-08-2025,4137466.0,243129.0
FII,17977,191236,3365626,,235441,416437,281197,174462,49871,75643,77650,49124,,2839180,07-08-2025,2065511.0,4160995.0
Pro,46623,30106,700982,,550235,669788,571771,560896,612141,759041,1065371,531084,,3012793,07-08-2025,253565.0,3338810.0
TOTAL,338023,338023,6722716,,2317891,2357520,2317891,2357520,2293059,1460042,2293059,1460042,,15489251,07-08-2025,6722716.0,15489251.0
Client,217668,93510,2531465,,2604472,1358824,2445548,1850137,1826182,631457,1079440,920293,,6656081,08-08-2025,267153.0,9170068.0
DII,66935,25435,155599,,12070,32394,0,0,1538,0,149371,0,,4316177,08-08-2025,4141371.0,268536.0
FII,18122,200792,3360738,,360340,480816,451153,197681,55548,86148,83341,53843,,3087102,08-08-2025,2100292.0,4361712.0
Pro,52876,35864,726794,,975805,791209,1055986,615425,626231,806392,1197347,549861,,3720263,08-08-2025,265780.0,3979307.0
TOTAL,355601,355601,6774596,,3952687,2663243,3952687,2663243,2509499,1523997,2509499,1523997,,17779623,08-08-2025,6774596.0,17779623.0
Client,215716,93362,2507588,,2268785,1993015,2354657,2402620,1826415,697423,1117333,933840,,7177576,11-08-2025,275764.0,9508941.0
DII,66412,27135,163649,,70,34894,0,0,1688,0,167116,0,,4356031,11-08-2025,4161780.0,266713.0
FII,18282,198009,3395836,,319433,517729,385879,288444,60191,91882,86139,56774,,3114508,11-08-2025,2099263.0,4403353.0
Pro,48925,30829,734462,,990985,1013160,838737,867733,669966,802909,1187672,601600,,3791300,11-08-2025,264728.0,4260408.0
TOTAL,349335,349335,6801535,,3579273,3558798,3579273,3558798,2558260,1592214,2558260,1592214,,18439415,11-08-2025,6801535.0,18439415.0
Client,218633,91345,2518347,,2959909,1915103,2865482,2395005,1903603,714861,1156513,963731,,7756183,12-08-2025,284107.0,10230456.0
DII,66527,27985,164401,,70,34894,0,0,1948,0,178576,0,,4359674,12-08-2025,4153113.0,267840.0
FII,17520,202778,3415322,,356179,512828,443340,260681,63388,98228,90226,63483,,3172660,12-08-2025,2112152.0,4463464.0
Pro,51682,32254,733905,,1138323,1002621,1145659,809759,691369,824463,1234993,610338,,4115606,12-08-2025,282603.0,4442363.0
TOTAL,354362,354362,6831975,,4454481,3465445,4454481,3465445,2660308,1637552,2660308,1637552,,19404123,12-08-2025,6831975.0,19404123.0
Client,217862,91683,2517625,,2783983,2536444,2733953,2902372,1901148,779424,1186392,989626,,8186725,13-08-2025,282699.0,10736486.0
DII,66606,29131,167561,,1070,33439,0,0,3948,0,180848,0,,4402331,13-08-2025,4192352.0,272624.0
FII,19155,201912,3453645,,399605,562039,451350,371415,75242,105040,92873,68723,,3304734,13-08-2025,2118460.0,4614726.0
Pro,52560,33457,748913,,1105383,1279531,1104738,1137665,709040,823796,1229265,649911,,4449269,13-08-2025,294233.0,4719223.0
TOTAL,356183,356183,6887744,,4290042,4411452,4290042,4411452,2689378,1708260,2689378,1708260,,20343059,13-08-2025,6887744.0,20343059.0
Client,214029,89898,2521603,,1697060,1206346,1525668,1597071,1950556,774573,1205472,1004399,,5703191,14-08-2025,280683.0,8364167.0
DII,66066,31131,177456,,5870,45454,0,0,9008,0,184637,0,,4407537,14-08-2025,4191769.0,303854.0
FII,18213,201092,3457494,,254685,420447,286714,164603,85791,113474,98213,71754,,2966706,14-08-2025,2144330.0,4350103.0
Pro,54976,31163,765428,,505175,655611,650408,566183,716374,842554,1273407,654448,,3480809,14-08-2025,305199.0,3540119.0
TOTAL,353284,353284,6921981,,2462790,2327858,2462790,2327858,2761729,1730601,2761729,1730601,,16558243,14-08-2025,6921981.0,16558243.0
Client,203467,87665,2512435,,2238526,1722603,2146460,2185351,1937444,865309,1217407,1045247,,6971858,18-08-2025,289728.0,9479784.0
DII,72060,34952,189885,,2170,45454,0,0,2887,0,199696,0,,4458684,18-08-2025,4224036.0,312456.0
FII,20703,192027,3498037,,343765,506654,372870,251792,88145,118500,100342,77982,,3127500,18-08-2025,2132486.0,4575804.0
Pro,51648,33234,782848,,745643,904920,810774,742487,783217,871583,1294248,732163,,3949861,18-08-2025,336955.0,4139859.0
TOTAL,347878,347878,6983205,,3330104,3179631,3330104,3179631,2811693,1855392,2811693,1855392,,18507903,18-08-2025,6983205.0,18507903.0
Client,202833,85183,2521111,,2373616,2271089,2362184,2656338,1919868,927910,1242136,1072502,,7716639,19-08-2025,298296.0,10216428.0
DII,72435,35473,191756,,950,57454,0,0,2598,0,203255,0,,4478476,19-08-2025,4239748.0,325193.0
FII,20682,192213,3520500,,362434,525440,375091,262975,92390,121137,104762,82804,,3137900,19-08-2025,2120055.0,4642582.0
Pro,48726,31807,782128,,847804,1033312,847529,967982,820738,877956,1285441,771697,,4261852,19-08-2025,357396.0,4410664.0
TOTAL,344676,344676,7015495,,3584804,3887295,3584804,3887295,2835594,1927003,2835594,1927003,,19594867,19-08-2025,7015495.0,19594867.0
Client,202829,83714,2538744,,2569340,2723746,2535852,3049305,1972173,953816,1266911,1103268,,8346701,20-08-2025,307651.0,10960648.0
DII,72307,40103,202553,,950,54679,0,0,3011,0,213513,0,,4487717,20-08-2025,4234101.0,333500.0
FII,21383,194575,3527057,,384514,562212,422435,350914,100320,125722,110081,86325,,3300949,20-08-2025,2136619.0,4721208.0
Pro,50211,28338,790267,,956668,1302527,953184,1242946,849505,906766,1334504,796711,,4735933,20-08-2025,380250.0,4855944.0
TOTAL,346730,346730,7058621,,3911472,4643165,3911472,4643165,2925009,1986304,2925009,1986304,,20871300,20-08-2025,7058621.0,20871300.0
Client,197261,85821,2550870,,1743808,1427685,1707471,1834552,1995787,948945,1281827,1120389,,6348492,21-08-2025,318432.0,8864356.0
DII,71015,40103,203693,,950,44854,0,0,3296,0,214344,0,,4463515,21-08-2025,4209068.0,323808.0
FII,22225,190275,3522787,,277304,444635,292269,182101,102637,131079,111247,89128,,3013435,21-08-2025,2148415.0,4500667.0
Pro,52908,27210,814234,,613543,715421,635865,615942,857551,928371,1351853,798878,,3845417,21-08-2025,415669.0,3982028.0
TOTAL,343409,343409,7091584,,2635605,2632595,2635605,2632595,2959271,2008395,2959271,2008395,,17670859,21-08-2025,7091584.0,17670859.0
Client,203646,86598,2551009,,2750710,1520370,2739687,2100450,2019751,899360,1283055,1115044,,7635206,22-08-2025,310372.0,9944846.0
DII,70088,41103,215697,,950,44854,0,0,3296,0,211760,0,,4435747,22-08-2025,4182884.0,334885.0
FII,23354,194863,3513079,,381017,527827,440409,233258,100014,134738,112994,86126,,3234664,22-08-2025,2167014.0,4680029.0
Pro,53553,28077,787485,,1153223,915313,1105804,674656,855554,935096,1370806,768024,,4354368,22-08-2025,407000.0,4700224.0
TOTAL,350641,350641,7067270,,4285900,3008364,4285900,3008364,2978615,1969194,2978615,1969194,,19659984,22-08-2025,7067270.0,19659984.0
Client,203063,87442,2525888,,2679412,1913487,2766256,2379658,1911876,889099,1248165,1088152,,7882820,25-08-2025,313147.0,10122825.0
DII,68632,41103,234599,,370,44854,0,0,3423,0,211006,0,,4439284,25-08-2025,4187175.0,351878.0
FII,31241,201479,3533216,,400256,549594,447635,287892,97131,129348,103591,80840,,3293152,25-08-2025,2171715.0,4740785.0
Pro,53135,26047,782975,,1215491,952082,1081638,792466,863877,912092,1313545,761547,,4379884,25-08-2025,404641.0,4779652.0
TOTAL,356071,356071,7076678,,4295529,3460016,4295529,3460016,2876307,1930539,2876307,1930539,,19995140,25-08-2025,7076678.0,19995140.0
Client,209787,86446,2547493,,3123990,1657634,3024398,2185212,1752503,782407,1159630,1031328,,7789727,26-08-2025,302713.0,10073813.0
DII,69308,42009,250342,,370,44854,0,0,3153,0,211348,0,,4477915,26-08-2025,4224558.0,368027.0
FII,35491,212420,3502113,,469122,591883,522034,300349,89801,121425,98342,71103,,3347765,26-08-2025,2143516.0,4809835.0
Pro,51851,25562,770335,,1305409,1001448,1352458,810257,836329,906282,1212466,707683,,4507923,26-08-2025,399496.0,4871655.0
TOTAL,366437,366437,7070283,,4898891,3295819,4898891,3295819,2681786,1810114,2681786,1810114,,20123330,26-08-2025,7070283.0,20123330.0
Client,207664,80029,2440645,,1723523,1138505,1628867,1551395,774317,386021,532989,613287,,4636783,28-08-2025,230215.0,6670675.0
DII,73646,37480,155211,,370,22179,0,0,1853,0,1108,0,,4165163,28-08-2025,4126575.0,253259.0
FII,16621,185135,3412601,,251762,427322,297771,141303,22567,46159,40088,22434,,2754569,28-08-2025,2067839.0,4177032.0
Pro,31847,27134,594074,,537797,603008,586814,498316,274237,458163,498789,254622,,2043577,28-08-2025,177902.0,2499126.0
TOTAL,329778,329778,6602531,,2513452,2191014,2513452,2191014,1072974,890343,1072974,890343,,13600092,28-08-2025,6602531.0,13600092.0
Client,214659,84343,2477298,,2635383,1522862,2496023,2020655,961696,455853,683364,700994,,6224453,29-08-2025,239074.0,8267751.0
DII,74840,38006,160600,,370,34939,0,0,2038,0,23518,0,,4247467,29-08-2025,4185943.0,272787.0
FII,18187,193382,3437632,,415906,523898,491059,248841,36383,62511,55614,33594,,3090305,29-08-2025,2067816.0,4494518.0
Pro,34767,26722,612433,,1015271,890572,1079848,702776,377738,542032,615359,325808,,2945643,29-08-2025,195130.0,3472813.0
TOTAL,342453,342453,6687963,,4066930,2972272,4066930,2972272,1377855,1060396,1377855,1060396,,16507868,29-08-2025,6687963.0,16507868.0
Client,215040,85594,2483071,,2505461,2370830,2474990,2782888,1036471,526719,779804,745468,,7120300,01-09-2025,251556.0,9137592.0
DII,74724,40406,161173,,370,34939,0,0,2038,0,56990,0,,4316853,01-09-2025,4219457.0,273244.0
FII,19646,192193,3451292,,388829,586370,440532,390020,40901,70508,65708,41459,,3164046,01-09-2025,2034134.0,4557545.0
Pro,34938,26155,611712,,1012858,1365054,991995,1184285,476712,568891,653620,379191,,3437347,01-09-2025,202101.0,4070165.0
TOTAL,344348,344348,6707248,,3907518,4357193,3907518,4357193,1556122,1166118,1556122,1166118,,18038546,01-09-2025,6707248.0,18038546.0
Client,216275,86175,2496227,,1595051,1156355,1540853,1634705,1108394,549646,835404,789993,,5142077,02-09-2025,254947.0,7121948.0
DII,74965,40806,167675,,370,34939,0,0,2178,0,69389,0,,4322330,02-09-2025,4212135.0,280127.0
FII,17220,197645,3438460,,252789,450744,290844,152878,49507,81501,73945,48322,,2789384,02-09-2025,2025750.0,4290222.0
Pro,39974,23808,597382,,548753,678558,565266,533013,516142,605246,697483,398078,,2424560,02-09-2025,206912.0,2986055.0
TOTAL,348434,348434,6699744,,2396963,2320596,2396963,2320596,1676221,1236393,1676221,1236393,,14678351,02-09-2025,6699744.0,14678351.0
Client,216745,85485,2525482,,1855428,1879058,1899385,2258596,1192707,605326,910160,837862,,6256204,03-09-2025,264716.0,8274746.0
DII,75194,39506,173693,,970,34939,0,0,2353,0,80960,0,,4341181,03-09-2025,4220715.0,287149.0
FII,17606,200402,3415196,,328489,519945,391345,300650,53782,87769,81873,54730,,3060123,03-09-2025,2031123.0,4422787.0
Pro,37992,22144,614109,,743115,967743,637272,842439,568397,637231,744246,437734,,2895761,03-09-2025,211926.0,3568587.0
TOTAL,347537,347537,6728480,,2928003,3401685,2928003,3401685,1817239,1330326,1817239,1330326,,16553270,03-09-2025,6728480.0,16553270.0
Client,217226,86646,2541542,,2738331,1970719,2657689,2445711,1344799,620395,979211,873454,,7315908,04-09-2025,273196.0,9433012.0
DII,75521,41343,184779,,970,34939,0,0,2271,0,89754,0,,4328878,04-09-2025,4197781.0,298480.0
FII,18068,206645,3401019,,412100,564196,471503,293796,58919,90673,89614,59837,,3170480,04-09-2025,2049085.0,4544975.0
Pro,43865,20046,613347,,992244,958199,1014452,788546,588007,681222,835417,458999,,3338085,04-09-2025,220625.0,3876884.0
TOTAL,354680,354680,6740687,,4143645,3528053,4143645,3528053,1993996,1392290,1993996,1392290,,18153351,04-09-2025,6740687.0,18153351.0
Client,217989,87353,2548377,,2842453,2145395,2817800,2577950,1378687,665772,1014291,903323,,7677616,05-09-2025,276899.0,9798673.0
DII,75862,38993,189359,,970,37539,0,0,1863,0,114161,0,,4362480,05-09-2025,4209326.0,305593.0
FII,16715,208130,3400599,,487024,621360,529256,336406,63159,93806,96715,69782,,3291310,05-09-2025,2051021.0,4682663.0
Pro,46620,22710,630501,,1085406,1040126,1068797,930064,632394,707325,850936,493798,,3597895,05-09-2025,231590.0,4142372.0
TOTAL,357186,357186,6768836,,4415853,3844420,4415853,3844420,2076103,1466903,2076103,1466903,,18929301,05-09-2025,6768836.0,18929301.0
Client,219016,85968,2559870,,2900870,2413966,2900550,2870311,1428691,719981,1057817,939493,,8141258,08-09-2025,287119.0,10242394.0
DII,75800,37703,191904,,970,37539,0,0,1863,0,131015,0,,4401062,08-09-2025,4232344.0,308076.0
FII,18193,209553,3415244,,562423,697622,554786,411510,67833,98675,100291,70822,,3394750,08-09-2025,2047788.0,4859990.0
Pro,41968,21753,651990,,1194907,1294890,1203834,1162196,674626,723352,883890,531693,,4055123,08-09-2025,251757.0,4581733.0
TOTAL,354977,354977,6819008,,4659170,4444017,4659170,4444017,2173013,1542008,2173013,1542008,,19992193,08-09-2025,6819008.0,19992193.0
Client,218724,86354,2578885,,1553308,1358054,1535423,1759413,1553480,761471,1100416,974209,,5750071,09-09-2025,294255.0,8023922.0
DII,75600,37703,193836,,970,37539,0,0,2013,0,148498,0,,4422078,09-09-2025,4235877.0,309958.0
FII,20018,209868,3414716,,279565,467098,298800,189896,70465,101037,102451,72177,,2920711,09-09-2025,2047519.0,4352898.0
Pro,41807,22224,653016,,571950,674870,571570,588251,675020,741620,949613,557742,,2952202,09-09-2025,262802.0,3358284.0
TOTAL,356149,356149,6840453,,2405793,2537561,2405793,2537561,2300978,1604128,2300978,1604128,,16045061,09-09-2025,6840453.0,16045061.0
Client,212107,85476,2559161,,1974113,1950202,1963049,2332358,1589960,791247,1132276,1002195,,6797953,10-09-2025,282599.0,9076790.0
DII,78043,39503,196633,,970,27445,0,0,2091,0,160693,0,,4450058,10-09-2025,4249862.0,305182.0
FII,23924,210064,3418777,,332668,536331,385732,295980,76877,105513,103809,76168,,3114663,10-09-2025,2042910.0,4494090.0
Pro,44185,23216,660338,,768304,964454,727274,850094,700803,758488,972953,576885,,3409960,10-09-2025,259538.0,3896572.0
TOTAL,358259,358259,6834909,,3076055,3478432,3076055,3478432,2369731,1655248,2369731,1655248,,17772634,10-09-2025,6834909.0,17772634.0
Client,211045,84736,2583584,,2210104,2410003,2282471,2737740,1704130,814639,1178591,1030754,,7600596,11-09-2025,286304.0,9933505.0
DII,78043,39503,196682,,970,27445,0,0,2091,0,168575,0,,4456368,11-09-2025,4248290.0,305231.0
FII,25119,207919,3405470,,378573,589398,409064,330311,74701,107961,106853,79423,,3202225,11-09-2025,2068655.0,4581222.0
Pro,39629,21678,682920,,971884,1092433,869995,1051229,718532,792442,1045435,604865,,3858610,11-09-2025,265407.0,4297841.0
TOTAL,353836,353836,6868656,,3561531,4119280,3561531,4119280,2499454,1715042,2499454,1715042,,19117799,11-09-2025,6868656.0,19117799.0
Client,205394,83097,2581066,,2257645,2778612,2393459,3074165,1780022,856971,1215735,1057197,,8118694,12-09-2025,295041.0,10459710.0
DII,78054,39503,197858,,970,27445,0,0,2211,0,170597,0,,4456337,12-09-2025,4246237.0,306538.0
FII,26661,199010,3414956,,456539,678980,457311,402704,77778,111769,111388,83401,,3322200,12-09-2025,2068386.0,4766683.0
Pro,36120,24619,693386,,1043494,1233522,907878,1241690,743865,816369,1106156,644511,,4202456,12-09-2025,277602.0,4566756.0
TOTAL,346229,346229,6887266,,3758648,4718559,3758648,4718559,2603876,1785109,2603876,1785109,,20099687,12-09-2025,6887266.0,20099687.0
Client,206755,82406,2604905,,2779958,2729008,2762466,3144706,1904671,876605,1252975,1084931,,8626351,15-09-2025,298867.0,11101901.0
DII,78054,41203,197094,,970,27445,0,0,2261,0,190210,0,,4495187,15-09-2025,4263774.0,305824.0
FII,26579,197735,3400446,,499486,717993,535925,430567,80433,113338,115542,85017,,3443577,15-09-2025,2078790.0,4838275.0
Pro,35372,25416,718456,,1173317,1333774,1155339,1232946,756135,844980,1184773,664975,,4542919,15-09-2025,279470.0,4862034.0
TOTAL,346760,346760,6920901,,4453730,4808220,4453730,4808220,2743500,1834923,2743500,1834923,,21108034,15-09-2025,6920901.0,21108034.0
Client,199829,82089,2605359,,1425706,1642876,1470393,1942718,1886412,922648,1277234,1106408,,6186978,16-09-2025,308136.0,8682829.0
DII,79769,40537,196521,,970,27445,0,0,2261,0,193380,0,,4494092,16-09-2025,4260175.0,306966.0
FII,26430,185991,3423953,,298333,490570,308570,229468,83072,114255,117096,88216,,3021652,16-09-2025,2092311.0,4436612.0
Pro,33406,30817,727862,,602238,724840,548283,713544,804879,851602,1188914,693881,,3468512,16-09-2025,293073.0,3744827.0
TOTAL,339434,339434,6953695,,2327246,2885730,2327246,2885730,2776624,1888505,2776624,1888505,,17171235,16-09-2025,6953695.0,17171235.0
Client,195075,82257,2604639,,1750202,1938105,1852984,2262347,1962301,965204,1309245,1149376,,6974475,17-09-2025,318266.0,9415526.0
DII,81097,39971,205860,,970,37845,0,0,2302,0,201046,0,,4496059,17-09-2025,4255042.0,328074.0
FII,27064,177724,3430475,,375596,547466,386440,304838,88221,122759,122735,95281,,3189014,17-09-2025,2101997.0,4591582.0
Pro,30122,33406,746247,,809404,950549,696749,906781,844996,890072,1264794,733378,,3947024,17-09-2025,311916.0,4271391.0
TOTAL,333358,333358,6987221,,2936172,3473966,2936172,3473966,2897820,1978035,2897820,1978035,,18606572,17-09-2025,6987221.0,18606572.0
Client,189243,80314,2612825,,2157714,2298331,2307126,2712851,2026368,976654,1348505,1171336,,7943139,18-09-2025,323006.0,10261135.0
DII,83380,39971,209067,,963,41245,0,0,2302,0,210019,0,,4506754,18-09-2025,4256764.0,336957.0
FII,27813,171472,3444136,,431295,616493,419058,340222,95099,127524,126406,97491,,3269814,18-09-2025,2115165.0,4742360.0
Pro,29876,38555,755762,,949095,1105542,812883,1008537,880521,914253,1319360,749604,,4255794,18-09-2025,326855.0,4635049.0
TOTAL,330312,330312,7021790,,3539067,4061611,3539067,4061611,3004290,2018431,3004290,2018431,,19975501,18-09-2025,7021790.0,19975501.0
Client,193006,79469,2632234,,2735289,2364189,2791042,2739076,2130581,984326,1382632,1192625,,8514642,19-09-2025,329798.0,11039625.0
DII,83556,40546,199300,,963,40045,0,0,2302,0,218590,0,,4518538,19-09-2025,4259402.0,326166.0
FII,25482,172255,3471838,,524961,635317,490990,367142,96731,127039,130076,101162,,3408823,19-09-2025,2147198.0,4881369.0
Pro,26010,35784,792926,,1074220,1105083,1053401,1038417,901527,949398,1399843,766976,,4654321,19-09-2025,359900.0,4849164.0
TOTAL,328054,328054,7096298,,4335433,4144634,4335433,4144634,3131141,2060763,3131141,2060763,,21096323,19-09-2025,7096298.0,21096323.0
Client,191282,83494,2642302,,3346119,2284800,3326349,2716171,2251048,967832,1402522,1211640,,9086318,22-09-2025,346142.0,11683383.0
DII,83104,40546,211740,,963,36595,0,0,2196,0,226140,0,,4529329,22-09-2025,4262643.0,334598.0
FII,26056,170310,3481617,,582366,667889,616549,381910,95203,127312,128144,98464,,3565389,22-09-2025,2170012.0,4980443.0
Pro,27140,33232,835178,,1482043,1107789,1468593,998992,928316,999061,1519957,784101,,5196915,22-09-2025,392040.0,5379527.0
TOTAL,327582,327582,7170837,,5411491,4097073,5411491,4097073,3276763,2094205,3276763,2094205,,22377950,22-09-2025,7170837.0,22377950.0
Client,192884,83282,2646984,,1774611,1551988,1803938,1900239,2289582,968557,1424698,1215115,,6776749,23-09-2025,349476.0,9424606.0
DII,84184,38946,218333,,963,36845,0,0,2256,0,226510,0,,4547359,23-09-2025,4281903.0,342581.0
FII,27060,169238,3501287,,313723,505629,346177,238258,94686,126524,122296,95736,,3149795,23-09-2025,2178090.0,4568909.0
Pro,24122,36784,873947,,683097,697310,622279,653274,958917,1017613,1571937,801843,,4117199,23-09-2025,431082.0,4255006.0
TOTAL,328250,328250,7240551,,2772394,2791772,2772394,2791772,3345441,2112694,3345441,2112694,,18591102,23-09-2025,7240551.0,18591102.0
Client,196282,82472,2658971,,2346866,1724656,2384327,2198098,2369607,942803,1430813,1219245,,7661805,24-09-2025,346850.0,10239186.0
DII,82576,38946,221448,,963,31495,0,0,2284,0,228383,0,,4547512,24-09-2025,4280183.0,338766.0
FII,29680,174979,3510851,,387894,591874,446592,316811,91139,132671,120993,94086,,3351611,24-09-2025,2198150.0,4744109.0
Pro,26548,38689,903578,,999122,880599,903926,713716,969250,1041491,1652091,803634,,4581722,24-09-2025,469665.0,4820589.0
TOTAL,335086,335086,7294848,,3734845,3228625,3734845,3228625,3432280,2116965,3432280,2116965,,20142649,24-09-2025,7294848.0,20142649.0
Client,201678,85649,2655354,,3069240,1813250,3052700,2324581,2341963,899821,1408383,1191735,,8392515,25-09-2025,329466.0,10981306.0
DII,83432,37246,227078,,963,25645,0,0,1986,0,229189,0,,4580934,25-09-2025,4314499.0,339104.0
FII,33574,181460,3495527,,490236,661734,565970,342115,96253,139531,119764,87031,,3489570,25-09-2025,2193230.0,4916856.0
Pro,31920,46249,896854,,1301421,940960,1243190,774893,976612,1044986,1659478,805572,,4967000,25-09-2025,437618.0,5192753.0
TOTAL,350604,350604,7274813,,4861861,3441589,4861861,3441589,3416814,2084338,3416814,2084338,,21430019,25-09-2025,7274813.0,21430019.0
Client,215067,84788,2636357,,3573150,1928506,3586252,2379522,2329402,863185,1366152,1159656,,8900997,26-09-2025,324627.0,11545667.0
DII,83431,35046,238014,,25063,25645,0,0,1913,0,228202,0,,4584107,26-09-2025,4320859.0,374066.0
FII,33565,200527,3518668,,625853,753826,682758,418024,89537,143871,118637,80633,,3738546,26-09-2025,2237967.0,5165320.0
Pro,42964,54666,897658,,1513648,984084,1468704,894515,933026,1020426,1640887,787193,,5253209,26-09-2025,407244.0,5391806.0
TOTAL,375027,375027,7290697,,5737713,3692061,5737713,3692061,3353878,2027482,3353878,2027482,,22476858,26-09-2025,7290697.0,22476858.0
Client,212772,85657,2624151,,3487694,2219030,3546637,2714339,2096284,844681,1266924,1076676,,9012172,29-09-2025,321938.0,11484612.0
DII,83527,35767,246780,,13363,25645,0,0,1913,0,215470,0,,4621400,29-09-2025,4370163.0,371228.0
FII,39999,209583,3546355,,673693,819160,699252,497231,74003,112209,117727,78250,,3810134,29-09-2025,2208091.0,5265418.0
Pro,44079,49370,887814,,1542036,1167865,1470896,1020129,931585,998820,1503664,800784,,5249751,29-09-2025,404908.0,5572199.0
TOTAL,380377,380377,7305100,,5716785,4231700,5716785,4231700,3103785,1955710,3103785,1955710,,22693457,29-09-2025,7305100.0,22693457.0
Client,193487,68064,2561008,,1471677,1025223,1425886,1416084,1046131,459457,622628,657766,,4435699,30-09-2025,245271.0,6756983.0
DII,83610,33467,175255,,9463,25645,0,0,214,0,694,0,,4370600,30-09-2025,4336439.0,294187.0
FII,11968,188058,3460076,,243003,440915,306297,169406,18852,45799,40807,20114,,2857998,30-09-2025,2133316.0,4220613.0
Pro,33705,33181,711953,,486304,548564,478264,454856,320345,516948,721413,344324,,2225304,30-09-2025,193266.0,2617819.0
TOTAL,322770,322770,6908292,,2210447,2040347,2210447,2040347,1385542,1022204,1385542,1022204,,13889601,30-09-2025,6908292.0,13889601.0
Client,193862,61300,2579771,,1835402,1989232,1925285,2333162,1194837,528532,766654,739762,,6077756,01-10-2025,251593.0,8321636.0
DII,84836,33542,178832,,10603,25645,0,0,239,0,35886,0,,4416445,01-10-2025,4347017.0,300155.0
FII,13912,190822,3471753,,357533,575568,372340,294319,35254,58891,57234,32665,,3098898,01-10-2025,2151518.0,4512911.0
Pro,33883,40829,731449,,704037,833149,609951,796113,454358,613507,824914,428503,,2911987,01-10-2025,211677.0,3370383.0
TOTAL,326493,326493,6961805,,2907575,3423594,2907575,3423594,1684688,1200930,1684688,1200930,,16505085,01-10-2025,6961805.0,16505085.0
